{
  "project_info": {
    "project_number": "739406774488",
    "project_id": "pesca-f6980",
    "storage_bucket": "pesca-f6980.appspot.com"
  },
  "client": [
    {
      "client_info": {
        "mobilesdk_app_id": "1:739406774488:android:393172b0d28a500fec57ad",
        "android_client_info": {
          "package_name": "com.example.pesca"
        }
      },
      "oauth_client": [
        {
          "client_id": "739406774488-at5ts0cbqssuhkumbhcil8vrvhhv5pvb.apps.googleusercontent.com",
          "client_type": 1,
          "android_info": {
            "package_name": "com.example.pesca",
            "certificate_hash": "d113117c0a7e55d1f5f522f67902dc275ecc7643"
          }
        },
        {
          "client_id": "739406774488-7b4ombt0hc9a6cjk9p0cjnt4n4uou3b8.apps.googleusercontent.com",
          "client_type": 3
        }
      ],
      "api_key": [
        {
          "current_key": "AIzaSyCWu0OuuFvL3-RQlhOHr0yi5ynzXD0hDKA"
        }
      ],
      "services": {
        "appinvite_service": {
          "other_platform_oauth_client": [
            {
              "client_id": "739406774488-7b4ombt0hc9a6cjk9p0cjnt4n4uou3b8.apps.googleusercontent.com",
              "client_type": 3
            }
          ]
        }
      }
    }
  ],
  "configuration_version": "1"
}